{
  "found": true,
  "rotation": [
    90.0,
    0.0,
    0.0
  ],
  "bounds_origin": [
    120.0,
    0.0,
    160.0
  ],
  "bounds_extent": [
    11.250000000000021,
    150.0,
    75.00000000000003
  ]
}